AmAcid;codon;number;Frequency_per_thousand;Fraction;Rarity
Ala;GCG;3663690;33.85;0.36;common
Ala;GCA;2185386;20.19;0.21;rare
Ala;GCT;1655227;15.29;0.16;rare
Ala;GCC;2780912;25.7;0.27;common
Cys;TGT;552848;5.11;0.44;rare
Cys;TGC;693008;6.4;0.56;common
Asp;GAT;3477922;32.14;0.63;common
Asp;GAC;2073993;19.16;0.37;rare
Glu;GAG;1943487;17.96;0.31;rare
Glu;GAA;4296619;39.7;0.69;common
Phe;TTT;2414783;22.31;0.57;common
Phe;TTC;1789835;16.54;0.43;rare
Gly;GGG;1194463;11.04;0.15;rare
Gly;GGA;852298;7.88;0.11;rare
Gly;GGT;2680241;24.77;0.34;common
Gly;GGC;3207255;29.64;0.40;common
His;CAT;1389372;12.84;0.57;common
His;CAC;1042337;9.63;0.43;rare
Ile;ATA;458603;4.24;0.07;rare
Ile;ATT;3303534;30.53;0.51;common
Ile;ATC;2726222;25.19;0.42;rare
Lys;AAG;1116743;10.32;0.23;rare
Lys;AAA;3646050;33.69;0.77;common
Leu;TTG;1477363;13.65;0.13;common
Leu;TTA;1489606;13.76;0.13;common
Leu;CTG;5745752;53.09;0.50;common
Leu;CTA;421680;3.9;0.04;rare
Leu;CTT;1198065;11.07;0.10;rare
Leu;CTC;1205342;11.14;0.10;rare
Met;ATG;3017856;27.89;1.00;common
Asn;AAT;1898669;17.54;0.45;rare
Asn;AAC;2331645;21.54;0.55;common
Pro;CCG;2524668;23.33;0.53;common
Pro;CCA;911481;8.42;0.19;common
Pro;CCT;758569;7.01;0.16;rare
Pro;CCC;588844;5.44;0.12;rare
Gln;CAG;3134367;28.96;0.65;common
Gln;CAA;1655785;15.3;0.35;rare
Arg;AGG;119632;1.11;0.02;rare
Arg;AGA;217301;2.01;0.04;rare
Arg;CGG;576533;5.33;0.10;common
Arg;CGA;378869;3.5;0.06;rare
Arg;CGT;2273587;21.01;0.38;common
Arg;CGC;2383776;22.03;0.40;common
Ser;AGT;937762;8.67;0.15;common
Ser;AGC;1732089;16;0.28;common
Ser;TCG;960306;8.87;0.15;common
Ser;TCA;766812;7.09;0.12;rare
Ser;TCT;911872;8.43;0.15;rare
Ser;TCC;936641;8.65;0.15;rare
Thr;ACG;1557461;14.39;0.27;common
Thr;ACA;752161;6.95;0.13;rare
Thr;ACT;959072;8.86;0.17;rare
Thr;ACC;2532967;23.4;0.44;common
Val;GTG;2847033;26.31;0.37;common
Val;GTA;1181432;10.92;0.15;rare
Val;GTT;1981694;18.31;0.26;common
Val;GTC;1658024;15.32;0.22;rare
Trp;TGG;1646312;15.21;1.00;common
Tyr;TAT;1740597;16.08;0.57;common
Tyr;TAC;1321139;12.21;0.43;rare